{
    "positions": [
        {
            "num": "1",
            "sub_num": "0",
            "lat": "37.478682",
            "lng": "126.668475",
            "date": "1월19일",
            "comment": "인천의료원 격리",
            "gender": "여",
            "birth": "84",
            "nation": "중국",
            "contact": "45",
            "Isolation": "0",
            "finish": "완치",
            "hospi_img": "https://img.khan.co.kr/news/2019/10/01/l_2019100101000131000005261.jpg",
            "finish_date": "2월 6일",
            "via_path": "(1월 19일) 검역단계에서 발열 등 증상이 있는 환자를 검역조사하여 ‘조사대상 유증상자’로 분류, 국가지정입원치료병상(인천의료원)으로 이송하였으며, 질병관리본부는 신종코로나바이러스감염증 검사를 시행하여 이날 오전 확진환자로 확정\r\n* 항공편명 : 중국남방항공 CZ6079, 2020.1.19. 12:11#"
        },
        {
            "num": "2",
            "sub_num": "0",
            "lat": "37.567496",
            "lng": "127.005116",
            "date": "1월24일",
            "comment": "국립중앙의료원 격리",
            "gender": "남",
            "birth": "64",
            "nation": "한국",
            "contact": "75",
            "Isolation": "0",
            "finish": "완치",
            "hospi_img": "http://www.whosaeng.com/imgdata/whosaeng_com/201909/2019090822074087.jpg",
            "finish_date": "2월 5일",
            "via_path": "(1월 22일) 저녁 김포공항을 통해 귀국(우한 출발 상하이 경유)하던 중 검역 과정에서 발열(37.8도)과 인후통이 있었으며 호흡기 증상은 없어 ‘능동감시 대상자’로 분류, 환자에게는 증상 변화 시 신고 방법 등을 안내하고 관할 보건소에 통보. 환자는 공항에서 택시를 이용해 자택으로 이동하였고 이후 자택에서만 머물렀음#"
        },
        {
            "num": "3",
            "sub_num": "0",
            "lat": "37.642351",
            "lng": "126.831235",
            "date": "1월 25일",
            "comment": "고양시 명지병원 격리",
            "gender": "남",
            "birth": "66",
            "nation": "한국",
            "contact": "16",
            "Isolation": "1",
            "finish": "완치",
            "hospi_img": "http://www.hospitalmaps.or.kr/hm/UPFILE/photo_1/411221-A-1.jpg",
            "finish_date": "2월 12일",
            "via_path": "(1월 22일) 개인 렌터카를 이용하였으며, 오후 1시경 서울 강남구 소재 의료기관(글로비 성형외과)에서 치료를 받는 지인의 진료에 동행하였으며, 이후 인근 식당을 이용한 후, 서울 강남구 소재 호텔(호텔뉴브)에 투숙#\r\n(1월 23일) 점심때쯤 한강에 산책을 나가 한강변 편의점(GS 한강잠원 1호점), 이후 강남구 역삼동과 대치동 일대 음식점을 이용#\r\n(1월 24일) 점심때쯤 다시 서울 소재 의료기관(글로비 성형외과) 지인 진료에 재동행하였고, 오후에는 일산 소재 음식점·카페 등을 이용하였으며, 저녁에는 일산 모친 자택에 체류#\r\n(1월 25일) 오전 일산 소재 모친 자택에서 외출하지 않고 1339에 신고하여, 보건소 구급차를 통해 고양시 덕양구 소재 명지병원으로 이송, 격리#"
        },
        {
            "num": "4",
            "sub_num": "0",
            "lat": "37.35158",
            "lng": "127.122921",
            "date": "1월 26일",
            "comment": "분당 서울대병원 격리",
            "gender": "남",
            "birth": "64",
            "nation": "한국",
            "contact": "95",
            "Isolation": "0",
            "finish": "완치",
            "hospi_img": "https://newsimg.hankookilbo.com/2018/03/20/201803202060922072_1.jpg",
            "finish_date": "2월9일",
            "via_path": "(1월 20일) 우한발 직항편(16:25 KE882)을 이용해 인천공항으로 귀국, 이후 공항버스(17:30경 8834번)를 이용해 평택 송탄터미널로 이동, 이후 택시를 이용해 자택으로 이동#\r\n(1월 21일) 평택 소재 의료기관(365 연합의원)에 내원하였고, 당시 의료기관 전산시스템(DUR)을 통해 우한 방문력이 확인되어 환자에게 사실여부를 확인했으나 의료기관측은 정확한 답변을 듣지 못했다고 하며, 자차를 이용해 귀가#\r\n(1월 22∼24일) 자택에서만 머뭄#\r\n(1월 25일) 발열 및 근육통 등으로 평택 소재 의료기관(365 연합의원)에 재차 내원하여 우한 방문력을 밝히고 진료를 받아 능동감시 실시#\r\n(1월 26일) 근육통 악화 등으로 보건소 선별진료소에서 폐렴 진단, 보건소 구급차를 이용해 국가지정 입원치료병상(분당서울대병원)으로 이송#"
        },
        {
            "num": "5",
            "sub_num": "0",
            "lat": "37.613036",
            "lng": "127.097667",
            "date": "1월 30일",
            "comment": "서울의료원 격리",
            "gender": "남",
            "birth": "87",
            "nation": "한국",
            "contact": "31",
            "Isolation": "0",
            "finish": "확진",
            "hospi_img": "http://www.docdocdoc.co.kr/news/photo/202001/1075925_1134459_1020.jpg",
            "finish_date": "치료중",
            "via_path": "(1월 26일) 서울시 성북구 소재 잡화점(다이소 성신여대역점) 방문, 11시경 지하철 이용하여 서울시 성동구 소재 역술인(선녀보살) 방문, 지하철 이용하여 서울시 소재 12시경 마사지숍(선호케어)* 방문, 숙소에 머물며 인근 편의점(이마트24, GS25), 슈퍼마켓(식자재유통센터, 두꺼비마트) 방문#\r\n* CCTV 확인 결과 1.26일 12시경 방문으로 확인(11:50∼13:37)#\r\n\r\n(1월 27일) 오전에는 서울시 성북구 일대 잡화점(다이소), 마사지숍(선호케어) 이용, 오후에는 음식점(돈암동떡볶이), 슈퍼마켓(두꺼비마트, 럭키후레쉬마트)#\r\n(1월 28일) 서울시 성북구 소재 미용시설(예쁠레뷰티라인) 이용, 이후 버스를 타고 이동하여 서울시 중랑구 일대 슈퍼마켓(가락홈마트), 음식점(이가네 바지락칼국수 면목동) 등 이용, 지하철 이용하여 서울시 강남구 소재 웨딩숍(와이즈웨딩) 방문 후 지하철 이용하여 자택으로 이동#\r\n(1월 29일) 부친 차량 이용하여 중랑구 보건소 이동 후 검사 받고 자택으로 이동, 자택으로 귀가#\r\n(1월 30일) 자택에 머물다 확진 판정 받고 서울의료원으로 이송#"
        }
    ]
}